x1,y1,x2,y2,weight
54.83,178.41,55.85,197.45,19.0642
54.83,178.41,52.31,104.84,73.6130
54.83,178.41,114.83,169.60,60.6397
54.83,178.41,65.42,194.88,19.5752
54.83,178.41,39.35,222.23,46.4722
54.83,178.41,42.45,152.94,28.3218
54.83,178.41,38.57,193.35,22.0825
54.83,178.41,52.76,210.30,31.9599
46.41,545.08,96.06,483.01,79.4886
46.41,545.08,103.43,514.72,64.5959
46.41,545.08,105.87,580.66,69.2855
46.41,545.08,104.85,569.32,63.2676
46.41,545.08,42.15,543.54,4.5309
46.41,545.08,89.95,505.85,58.6043
46.41,545.08,73.40,524.77,33.7811
46.41,545.08,37.98,553.47,11.8885
46.41,545.08,106.31,520.39,64.7904
46.41,545.08,83.15,533.81,38.4269
55.85,197.45,114.83,169.60,65.2198
55.85,197.45,65.42,194.88,9.9059
55.85,197.45,39.35,222.23,29.7715
55.85,197.45,25.14,267.99,76.9368
55.85,197.45,42.45,152.94,46.4829
55.85,197.45,15.57,263.73,77.5636
55.85,197.45,38.57,193.35,17.7634
55.85,197.45,52.76,210.30,13.2228
571.55,42.94,530.10,43.44,41.4503
571.55,42.94,527.16,24.10,48.2190
571.55,42.94,588.47,29.28,21.7481
571.55,42.94,560.75,55.10,16.2666
571.55,42.94,540.20,35.71,32.1694
571.55,42.94,640.42,40.87,68.9045
541.59,351.62,524.62,284.32,69.4045
541.59,351.62,574.92,356.95,33.7546
541.59,351.62,560.20,315.70,40.4514
541.59,351.62,472.25,316.21,77.8563
541.59,351.62,563.52,316.00,41.8303
541.59,351.62,604.89,365.57,64.8229
541.59,351.62,475.60,359.78,66.4901
541.59,351.62,610.03,331.35,71.3734
541.59,351.62,503.48,331.60,43.0454
541.59,351.62,592.71,373.10,55.4478
541.59,351.62,505.44,344.01,36.9456
541.59,351.62,592.31,376.38,56.4449
121.34,105.62,52.31,104.84,69.0362
121.34,105.62,140.17,58.61,50.6412
121.34,105.62,85.20,95.23,37.5962
121.34,105.62,79.44,86.56,46.0304
121.34,105.62,67.58,65.23,67.2409
121.34,105.62,66.22,84.09,59.1725
238.19,203.93,198.74,216.22,41.3211
238.19,203.93,281.12,227.82,49.1320
238.19,203.93,309.52,216.48,72.4245
238.19,203.93,280.73,204.96,42.5535
238.19,203.93,262.60,130.60,77.2819
238.19,203.93,309.40,174.34,77.1095
238.19,203.93,173.92,249.24,78.6345
238.19,203.93,258.50,208.20,20.7586
238.19,203.93,175.37,250.32,78.0899
238.19,203.93,258.29,143.11,64.0551
238.19,203.93,240.42,230.04,26.2048
238.19,203.93,279.46,163.29,57.9254
524.62,284.32,560.20,315.70,47.4410
524.62,284.32,472.25,316.21,61.3167
524.62,284.32,563.52,316.00,50.1695
524.62,284.32,478.34,272.46,47.7742
524.62,284.32,600.04,277.16,75.7576
524.62,284.32,466.74,318.83,67.3908
524.62,284.32,500.33,224.05,64.9869
524.62,284.32,579.10,234.63,73.7428
524.62,284.32,503.48,331.60,51.7859
524.62,284.32,505.44,344.01,62.6953
524.62,284.32,583.74,259.47,64.1301
524.62,284.32,474.48,234.16,70.9268
524.62,284.32,500.23,259.42,34.8566
575.74,216.14,608.70,229.22,35.4621
575.74,216.14,613.14,208.34,38.1998
575.74,216.14,600.04,277.16,65.6782
575.74,216.14,590.06,208.99,16.0011
575.74,216.14,579.10,234.63,18.7922
575.74,216.14,623.11,271.85,73.1237
575.74,216.14,615.59,219.25,39.9730
575.74,216.14,583.74,259.47,44.0656
575.74,216.14,635.26,179.92,69.6681
198.74,216.22,159.88,245.87,48.8789
198.74,216.22,152.62,278.09,77.1651
198.74,216.22,135.78,217.47,62.9731
198.74,216.22,173.92,249.24,41.3041
198.74,216.22,258.50,208.20,60.2996
198.74,216.22,137.73,222.25,61.3065
198.74,216.22,175.37,250.32,41.3351
198.74,216.22,240.42,230.04,43.9078
298.84,560.83,364.77,580.44,68.7809
298.84,560.83,233.98,559.81,64.8632
298.84,560.83,341.62,509.51,66.8166
298.84,560.83,369.75,540.73,73.7063
298.84,560.83,276.84,561.44,22.0076
298.84,560.83,356.58,584.31,62.3337
298.84,560.83,251.14,553.27,48.2915
298.84,560.83,335.74,511.59,61.5350
298.84,560.83,335.32,510.66,62.0339
298.84,560.83,265.47,505.35,64.7453
747.84,96.48,739.62,109.11,15.0713
747.84,96.48,744.04,91.65,6.1459
747.84,96.48,737.01,122.54,28.2205
747.84,96.48,740.56,112.16,17.2895
747.84,96.48,769.18,60.37,41.9392
747.84,96.48,673.16,81.91,76.0879
747.84,96.48,691.78,152.41,79.1913
747.84,96.48,742.02,21.12,75.5831
747.84,96.48,750.37,79.85,16.8159
747.84,96.48,714.04,26.70,77.5301
747.84,96.48,754.86,170.00,73.8529
747.84,96.48,712.30,26.29,78.6737
747.84,96.48,719.10,165.77,75.0135
747.84,96.48,698.93,98.48,48.9500
410.85,275.56,472.25,316.21,73.6384
410.85,275.56,478.34,272.46,67.5598
410.85,275.56,396.15,236.03,42.1698
410.85,275.56,397.98,284.21,15.5129
410.85,275.56,466.74,318.83,70.6788
410.85,275.56,443.84,245.75,44.4637
410.85,275.56,430.24,200.95,77.0839
410.85,275.56,409.01,301.02,25.5248
410.85,275.56,406.33,293.08,18.1020
410.85,275.56,403.18,251.69,25.0732
410.85,275.56,401.64,303.61,29.5269
410.85,275.56,396.64,314.92,41.8487
410.85,275.56,340.13,287.25,71.6832
410.85,275.56,474.48,234.16,75.9055
410.85,275.56,393.10,218.61,59.6461
410.85,275.56,370.57,252.16,46.5845
93.81,282.34,146.91,317.29,63.5669
93.81,282.34,25.14,267.99,70.1527
93.81,282.34,144.64,340.05,76.9013
93.81,282.34,89.00,273.38,10.1699
93.81,282.34,100.94,347.03,65.0816
93.81,282.34,159.88,245.87,75.4686
93.81,282.34,152.62,278.09,58.9659
93.81,282.34,56.36,312.65,48.1803
93.81,282.34,96.48,319.04,36.7928
93.81,282.34,135.78,217.47,77.2641
93.81,282.34,137.73,222.25,74.4319
93.81,282.34,48.27,312.48,54.6054
93.81,282.34,23.47,294.33,71.3559
307.23,427.55,301.18,362.04,65.7840
307.23,427.55,299.47,452.58,26.2044
307.23,427.55,375.90,429.09,68.6913
307.23,427.55,365.51,428.17,58.2847
307.23,427.55,287.71,449.91,29.6824
307.23,427.55,274.78,480.02,61.6998
307.23,427.55,304.39,353.37,74.2291
307.23,427.55,277.14,399.83,40.9132
307.23,427.55,325.90,366.60,63.7443
307.23,427.55,282.56,462.14,42.4902
307.23,427.55,357.94,463.87,62.3728
307.23,427.55,334.43,448.14,34.1155
307.23,427.55,274.25,384.49,54.2403
307.23,427.55,349.23,476.21,64.2784
696.07,242.00,745.88,277.93,61.4107
696.07,242.00,752.85,227.32,58.6427
696.07,242.00,666.35,183.47,65.6482
696.07,242.00,674.47,213.85,35.4912
696.07,242.00,713.46,245.89,17.8185
696.07,242.00,651.49,269.48,52.3751
696.07,242.00,695.24,191.59,50.4178
696.07,242.00,623.11,271.85,78.8343
696.07,242.00,719.10,165.77,79.6364
696.07,242.00,742.67,275.66,57.4763
696.07,242.00,667.57,170.17,77.2831
102.39,455.22,125.09,419.24,42.5420
102.39,455.22,96.06,483.01,28.4948
102.39,455.22,118.29,446.30,18.2314
102.39,455.22,47.59,412.76,69.3221
102.39,455.22,138.61,511.32,66.7710
102.39,455.22,103.43,514.72,59.5084
102.39,455.22,153.04,483.78,58.1492
102.39,455.22,107.80,405.38,50.1343
102.39,455.22,123.21,407.00,52.5264
102.39,455.22,70.05,395.09,68.2735
102.39,455.22,95.20,431.49,24.7917
102.39,455.22,82.82,438.83,25.5225
102.39,455.22,89.95,505.85,52.1345
102.39,455.22,132.96,477.79,38.0009
102.39,455.22,105.50,440.06,15.4787
102.39,455.22,73.40,524.77,75.3455
102.39,455.22,126.36,389.85,69.6318
102.39,455.22,106.31,520.39,65.2874
102.39,455.22,59.10,397.33,72.2853
719.79,533.92,685.23,555.71,40.8561
719.79,533.92,713.65,484.17,50.1261
719.79,533.92,668.32,582.13,70.5273
719.79,533.92,751.04,487.79,55.7112
719.79,533.92,697.26,519.26,26.8822
719.79,533.92,714.01,462.82,71.3297
719.79,533.92,661.15,577.97,73.3454
719.79,533.92,738.28,534.62,18.5062
719.79,533.92,686.13,573.01,51.5860
719.79,533.92,751.87,582.66,58.3502
680.80,162.14,739.62,109.11,79.1910
680.80,162.14,737.01,122.54,68.7531
680.80,162.14,666.35,183.47,25.7695
680.80,162.14,740.56,112.16,77.8979
680.80,162.14,672.08,126.64,36.5522
680.80,162.14,674.47,213.85,52.0972
680.80,162.14,691.78,152.41,14.6634
680.80,162.14,754.86,170.00,74.4752
680.80,162.14,695.24,191.59,32.8059
680.80,162.14,648.04,173.64,34.7240
680.80,162.14,719.10,165.77,38.4679
680.80,162.14,698.93,98.48,66.1860
680.80,162.14,635.26,179.92,48.8955
680.80,162.14,667.57,170.17,15.4801
680.80,162.14,669.67,138.82,25.8330
329.07,33.50,281.58,62.29,55.5358
329.07,33.50,398.02,30.93,68.9944
329.07,33.50,325.23,45.89,12.9755
329.07,33.50,352.81,53.60,31.1063
329.07,33.50,345.47,61.76,32.6724
329.07,33.50,382.69,26.81,54.0330
329.07,33.50,328.03,62.84,29.3623
329.07,33.50,340.84,64.43,33.0902
329.07,33.50,256.26,62.63,78.4258
329.07,33.50,371.33,32.47,42.2678
329.07,33.50,317.00,61.93,30.8845
52.31,104.84,57.94,31.09,73.9626
52.31,104.84,30.01,56.18,53.5257
52.31,104.84,85.20,95.23,34.2719
52.31,104.84,42.45,152.94,49.0959
52.31,104.84,79.44,86.56,32.7126
52.31,104.84,67.58,65.23,42.4542
52.31,104.84,66.22,84.09,24.9797
281.12,227.82,309.52,216.48,30.5759
281.12,227.82,327.46,169.70,74.3343
281.12,227.82,280.73,204.96,22.8614
281.12,227.82,342.14,184.90,74.6024
281.12,227.82,338.54,222.30,57.6867
281.12,227.82,309.40,174.34,60.4916
281.12,227.82,258.50,208.20,29.9415
281.12,227.82,292.16,265.22,39.0012
281.12,227.82,240.42,230.04,40.7628
281.12,227.82,279.89,290.30,62.4976
281.12,227.82,344.18,226.78,63.0708
281.12,227.82,279.46,163.29,64.5553
281.12,227.82,299.00,260.66,37.3907
125.09,419.24,96.06,483.01,70.0592
125.09,419.24,118.29,446.30,27.8993
125.09,419.24,47.59,412.76,77.7646
125.09,419.24,153.04,483.78,70.3328
125.09,419.24,107.80,405.38,22.1564
125.09,419.24,70.05,395.09,60.1029
125.09,419.24,95.20,431.49,32.2977
125.09,419.24,82.82,438.83,46.5829
125.09,419.24,64.06,383.26,70.8406
125.09,419.24,132.96,477.79,59.0771
125.09,419.24,105.50,440.06,28.5845
125.09,419.24,59.10,397.33,69.5320
57.94,31.09,30.01,56.18,37.5443
57.94,31.09,85.20,95.23,69.6934
57.94,31.09,76.80,26.50,19.4041
57.94,31.09,79.44,86.56,59.4884
57.94,31.09,67.58,65.23,35.4691
57.94,31.09,66.22,84.09,53.6429
739.62,109.11,744.04,91.65,18.0153
739.62,109.11,737.01,122.54,13.6756
739.62,109.11,740.56,112.16,3.1839
739.62,109.11,769.18,60.37,57.0005
739.62,109.11,672.08,126.64,69.7855
739.62,109.11,673.16,81.91,71.8184
739.62,109.11,691.78,152.41,64.5283
739.62,109.11,750.37,79.85,31.1711
739.62,109.11,754.86,170.00,62.7594
739.62,109.11,719.10,165.77,60.2569
739.62,109.11,698.93,98.48,42.0621
739.62,109.11,669.67,138.82,76.0024
485.95,520.07,539.97,551.36,62.4287
485.95,520.07,552.56,483.19,76.1389
485.95,520.07,535.35,535.21,51.6645
485.95,520.07,488.01,550.35,30.3518
485.95,520.07,449.59,532.86,38.5470
485.95,520.07,479.09,547.58,28.3545
485.95,520.07,465.47,527.10,21.6584
574.92,356.95,560.20,315.70,43.7970
574.92,356.95,563.52,316.00,42.5075
574.92,356.95,604.89,365.57,31.1877
574.92,356.95,610.03,331.35,43.4472
574.92,356.95,503.48,331.60,75.8023
574.92,356.95,654.14,355.75,79.2289
574.92,356.95,592.71,373.10,24.0251
574.92,356.95,505.44,344.01,70.6792
574.92,356.95,614.20,303.65,66.2148
574.92,356.95,641.32,339.33,68.7015
574.92,356.95,592.31,376.38,26.0779
744.04,91.65,737.01,122.54,31.6792
744.04,91.65,740.56,112.16,20.8045
744.04,91.65,769.18,60.37,40.1261
744.04,91.65,716.59,17.74,78.8433
744.04,91.65,673.16,81.91,71.5456
744.04,91.65,742.02,21.12,70.5576
744.04,91.65,750.37,79.85,13.3863
744.04,91.65,714.04,26.70,71.5385
744.04,91.65,754.86,170.00,79.0923
744.04,91.65,712.30,26.29,72.6578
744.04,91.65,719.10,165.77,78.2028
744.04,91.65,698.93,98.48,45.6229
744.04,91.65,710.16,21.59,77.8228
745.88,277.93,752.85,227.32,51.0825
745.88,277.93,689.92,327.43,74.7138
745.88,277.93,713.46,245.89,45.5774
745.88,277.93,747.67,326.69,48.7956
745.88,277.93,742.67,275.66,3.9346
737.01,122.54,740.56,112.16,10.9681
737.01,122.54,769.18,60.37,69.9946
737.01,122.54,672.08,126.64,65.0615
737.01,122.54,673.16,81.91,75.6791
737.01,122.54,691.78,152.41,54.2050
737.01,122.54,750.37,79.85,44.7261
737.01,122.54,754.86,170.00,50.7061
737.01,122.54,719.10,165.77,46.7930
737.01,122.54,698.93,98.48,45.0416
737.01,122.54,669.67,138.82,69.2796
364.77,580.44,375.82,516.18,65.1965
364.77,580.44,341.62,509.51,74.6049
364.77,580.44,369.75,540.73,40.0199
364.77,580.44,388.94,551.32,37.8460
364.77,580.44,371.85,510.52,70.2757
364.77,580.44,356.58,584.31,9.0580
364.77,580.44,395.86,527.66,61.2548
364.77,580.44,335.74,511.59,74.7108
364.77,580.44,335.32,510.66,75.7337
610.29,506.30,552.56,483.19,62.1817
610.29,506.30,607.72,473.15,33.2464
610.29,506.30,632.28,563.69,61.4603
610.29,506.30,626.17,571.39,66.9991
610.29,506.30,622.18,560.73,55.7141
610.29,506.30,640.83,554.69,57.2233
610.29,506.30,605.46,563.65,57.5544
610.29,506.30,642.17,482.37,39.8563
610.29,506.30,652.04,466.15,57.9253
610.29,506.30,622.33,485.50,24.0278
610.29,506.30,562.57,477.60,55.6851
610.29,506.30,627.13,516.33,19.5944
610.29,506.30,637.71,576.57,75.4278
610.29,506.30,583.85,501.48,26.8792
242.77,316.13,211.73,334.26,35.9478
242.77,316.13,301.18,362.04,74.2929
242.77,316.13,196.75,311.68,46.2339
242.77,316.13,304.39,353.37,72.0031
242.77,316.13,217.93,311.68,25.2324
242.77,316.13,234.31,381.32,65.7294
242.77,316.13,261.06,389.98,76.0790
242.77,316.13,292.16,265.22,70.9314
242.77,316.13,262.84,356.49,45.0673
242.77,316.13,274.25,384.49,75.2563
242.77,316.13,245.03,386.93,70.8341
242.77,316.13,279.89,290.30,45.2225
242.77,316.13,237.97,301.90,15.0161
242.77,316.13,245.66,305.62,10.9050
242.77,316.13,299.00,260.66,78.9918
629.75,288.33,608.70,229.22,62.7449
629.75,288.33,560.20,315.70,74.7443
629.75,288.33,689.92,327.43,71.7546
629.75,288.33,563.52,316.00,71.7759
629.75,288.33,600.04,277.16,31.7453
629.75,288.33,610.03,331.35,47.3271
629.75,288.33,579.10,234.63,73.8205
629.75,288.33,654.14,355.75,71.6904
629.75,288.33,651.49,269.48,28.7700
629.75,288.33,623.11,271.85,17.7726
629.75,288.33,615.59,219.25,70.5144
629.75,288.33,686.79,342.31,78.5285
629.75,288.33,583.74,259.47,54.3139
629.75,288.33,614.20,303.65,21.8250
629.75,288.33,641.32,339.33,52.2907
752.85,227.32,674.47,213.85,79.5306
752.85,227.32,713.46,245.89,43.5431
752.85,227.32,754.86,170.00,57.3595
752.85,227.32,695.24,191.59,67.7851
752.85,227.32,719.10,165.77,70.1981
752.85,227.32,742.67,275.66,49.3986
114.83,169.60,65.42,194.88,55.4993
114.83,169.60,42.45,152.94,74.2704
114.83,169.60,135.78,217.47,52.2525
114.83,169.60,137.73,222.25,57.4133
114.83,169.60,38.57,193.35,79.8720
114.83,169.60,52.76,210.30,74.2257
65.42,194.88,39.35,222.23,37.7832
65.42,194.88,42.45,152.94,47.8150
65.42,194.88,135.78,217.47,73.8993
65.42,194.88,137.73,222.25,77.3197
65.42,194.88,38.57,193.35,26.8937
65.42,194.88,52.76,210.30,19.9573
539.97,551.36,552.56,483.19,69.3213
539.97,551.36,535.35,535.21,16.7954
539.97,551.36,488.01,550.35,51.9734
539.97,551.36,605.46,563.65,66.6306
539.97,551.36,479.09,547.58,60.9998
539.97,551.36,465.47,527.10,78.3526
539.97,551.36,562.57,477.60,77.1475
539.97,551.36,583.85,501.48,66.4332
666.35,183.47,608.70,229.22,73.5977
666.35,183.47,613.14,208.34,58.7363
666.35,183.47,672.08,126.64,57.1172
666.35,183.47,674.47,213.85,31.4425
666.35,183.47,691.78,152.41,40.1407
666.35,183.47,713.46,245.89,78.2043
666.35,183.47,695.24,191.59,30.0148
666.35,183.47,648.04,173.64,20.7785
666.35,183.47,615.59,219.25,62.1014
666.35,183.47,719.10,165.77,55.6408
666.35,183.47,635.26,179.92,31.2947
666.35,183.47,667.57,170.17,13.3574
666.35,183.47,669.67,138.82,44.7686
552.56,483.19,535.35,535.21,54.7975
552.56,483.19,607.72,473.15,56.0660
552.56,483.19,622.33,485.50,69.8067
552.56,483.19,562.57,477.60,11.4675
552.56,483.19,583.85,501.48,36.2377
96.06,483.01,118.29,446.30,42.9101
96.06,483.01,138.61,511.32,51.1045
96.06,483.01,103.43,514.72,32.5603
96.06,483.01,153.04,483.78,56.9841
96.06,483.01,107.80,405.38,78.5076
96.06,483.01,95.20,431.49,51.5187
96.06,483.01,82.82,438.83,46.1148
96.06,483.01,89.95,505.85,23.6488
96.06,483.01,132.96,477.79,37.2647
96.06,483.01,105.50,440.06,43.9712
96.06,483.01,73.40,524.77,47.5140
96.06,483.01,106.31,520.39,38.7661
96.06,483.01,83.15,533.81,52.4144
530.10,43.44,527.16,24.10,19.5682
530.10,43.44,588.47,29.28,60.0626
530.10,43.44,560.75,55.10,32.7898
530.10,43.44,479.59,43.19,50.5098
530.10,43.44,540.20,35.71,12.7218
417.04,442.31,375.90,429.09,43.2051
417.04,442.31,365.51,428.17,53.4297
417.04,442.31,428.04,432.36,14.8301
417.04,442.31,432.68,456.07,20.8322
417.04,442.31,357.94,463.87,62.9136
417.04,442.31,396.66,485.31,47.5862
417.04,442.31,387.36,419.56,37.3901
417.04,442.31,349.23,476.21,75.8154
417.04,442.31,392.85,390.57,57.1157
118.29,446.30,47.59,412.76,78.2469
118.29,446.30,138.61,511.32,68.1171
118.29,446.30,103.43,514.72,70.0158
118.29,446.30,153.04,483.78,51.1143
118.29,446.30,107.80,405.38,42.2408
118.29,446.30,123.21,407.00,39.6070
118.29,446.30,70.05,395.09,70.3492
118.29,446.30,95.20,431.49,27.4235
118.29,446.30,82.82,438.83,36.2410
118.29,446.30,89.95,505.85,65.9495
118.29,446.30,132.96,477.79,34.7429
118.29,446.30,105.50,440.06,14.2302
118.29,446.30,126.36,389.85,57.0280
118.29,446.30,106.31,520.39,75.0523
118.29,446.30,59.10,397.33,76.8189
685.23,555.71,632.28,563.69,53.5464
685.23,555.71,626.17,571.39,61.1045
685.23,555.71,713.65,484.17,76.9780
685.23,555.71,622.18,560.73,63.2528
685.23,555.71,640.83,554.69,44.4121
685.23,555.71,668.32,582.13,31.3723
685.23,555.71,697.26,519.26,38.3877
685.23,555.71,661.15,577.97,32.7949
685.23,555.71,738.28,534.62,57.0912
685.23,555.71,627.13,516.33,70.1970
685.23,555.71,686.13,573.01,17.3168
685.23,555.71,637.71,576.57,51.8986
685.23,555.71,751.87,582.66,71.8820
608.70,229.22,613.14,208.34,21.3489
608.70,229.22,674.47,213.85,67.5394
608.70,229.22,600.04,277.16,48.7099
608.70,229.22,590.06,208.99,27.5191
608.70,229.22,579.10,234.63,30.0872
608.70,229.22,651.49,269.48,58.7467
608.70,229.22,623.11,271.85,44.9931
608.70,229.22,648.04,173.64,68.0944
608.70,229.22,615.59,219.25,12.1202
608.70,229.22,583.74,259.47,39.2176
608.70,229.22,635.26,179.92,56.0006
608.70,229.22,614.20,303.65,74.6273
281.58,62.29,283.53,126.01,63.7491
281.58,62.29,325.23,45.89,46.6273
281.58,62.29,352.81,53.60,71.7629
281.58,62.29,262.60,130.60,70.9026
281.58,62.29,345.47,61.76,63.8977
281.58,62.29,328.03,62.84,46.4584
281.58,62.29,245.03,21.65,54.6520
281.58,62.29,340.84,64.43,59.2981
281.58,62.29,256.26,62.63,25.3251
281.58,62.29,213.76,52.47,68.5254
281.58,62.29,216.86,90.72,70.6855
281.58,62.29,317.00,61.93,35.4192
281.58,62.29,303.94,133.15,74.3091
281.58,62.29,219.14,76.72,64.0818
211.73,334.26,146.91,317.29,67.0062
211.73,334.26,144.64,340.05,67.3434
211.73,334.26,196.75,311.68,27.0980
211.73,334.26,217.93,311.68,23.4231
211.73,334.26,234.31,381.32,52.1909
211.73,334.26,261.06,389.98,74.4178
211.73,334.26,262.84,356.49,55.7295
211.73,334.26,245.03,386.93,62.3090
211.73,334.26,237.97,301.90,41.6630
211.73,334.26,245.66,305.62,44.4040
372.12,148.22,327.46,169.70,49.5548
372.12,148.22,351.60,129.87,27.5265
372.12,148.22,342.14,184.90,47.3745
372.12,148.22,430.24,200.95,78.4725
372.12,148.22,353.32,166.76,26.4078
372.12,148.22,309.40,174.34,67.9473
372.12,148.22,393.10,218.61,73.4546
372.12,148.22,410.98,181.09,50.8951
372.12,148.22,354.28,111.63,40.7100
372.12,148.22,303.94,133.15,69.8256
613.14,208.34,674.47,213.85,61.5756
613.14,208.34,600.04,277.16,70.0519
613.14,208.34,590.06,208.99,23.0914
613.14,208.34,579.10,234.63,43.0034
613.14,208.34,651.49,269.48,72.1718
613.14,208.34,623.11,271.85,64.2854
613.14,208.34,648.04,173.64,49.2157
613.14,208.34,615.59,219.25,11.1859
613.14,208.34,583.74,259.47,58.9796
613.14,208.34,635.26,179.92,36.0138
613.14,208.34,667.57,170.17,66.4829
740.56,112.16,769.18,60.37,59.1687
740.56,112.16,672.08,126.64,69.9949
740.56,112.16,673.16,81.91,73.8748
740.56,112.16,691.78,152.41,63.2419
740.56,112.16,750.37,79.85,33.7630
740.56,112.16,754.86,170.00,59.5800
740.56,112.16,719.10,165.77,57.7434
740.56,112.16,698.93,98.48,43.8170
740.56,112.16,669.67,138.82,75.7358
769.18,60.37,716.59,17.74,67.6982
769.18,60.37,742.02,21.12,47.7341
769.18,60.37,750.37,79.85,27.0783
769.18,60.37,714.04,26.70,64.6064
769.18,60.37,712.30,26.29,66.3112
769.18,60.37,698.93,98.48,79.9181
769.18,60.37,710.16,21.59,70.6233
560.20,315.70,563.52,316.00,3.3371
560.20,315.70,604.89,365.57,66.9662
560.20,315.70,600.04,277.16,55.4343
560.20,315.70,610.03,331.35,52.2256
560.20,315.70,503.48,331.60,58.9002
560.20,315.70,592.71,373.10,65.9659
560.20,315.70,623.11,271.85,76.6852
560.20,315.70,505.44,344.01,61.6461
560.20,315.70,583.74,259.47,60.9603
560.20,315.70,614.20,303.65,55.3330
560.20,315.70,592.31,376.38,68.6537
47.59,412.76,42.33,373.64,39.4684
47.59,412.76,37.25,385.11,29.5228
47.59,412.76,107.80,405.38,60.6590
47.59,412.76,123.21,407.00,75.8387
47.59,412.76,70.05,395.09,28.5716
47.59,412.76,19.91,389.27,36.3067
47.59,412.76,19.83,441.14,39.6973
47.59,412.76,95.20,431.49,51.1639
47.59,412.76,82.82,438.83,43.8289
47.59,412.76,64.06,383.26,33.7813
47.59,412.76,105.50,440.06,64.0178
47.59,412.76,59.10,397.33,19.2423
47.59,412.76,18.76,448.29,45.7580
301.18,362.04,324.77,306.61,60.2419
301.18,362.04,304.39,353.37,9.2468
301.18,362.04,277.14,399.83,44.7789
301.18,362.04,234.31,381.32,69.5857
301.18,362.04,261.06,389.98,48.8826
301.18,362.04,325.90,366.60,25.1348
301.18,362.04,262.84,356.49,38.7415
301.18,362.04,274.25,384.49,35.0576
301.18,362.04,245.03,386.93,61.4193
301.18,362.04,279.89,290.30,74.8306
301.18,362.04,245.66,305.62,79.1628
535.35,535.21,488.01,550.35,49.6990
535.35,535.21,605.46,563.65,75.6602
535.35,535.21,479.09,547.58,57.5999
535.35,535.21,465.47,527.10,70.3471
535.35,535.21,562.57,477.60,63.7263
535.35,535.21,583.85,501.48,59.0817
672.08,126.64,673.16,81.91,44.7424
672.08,126.64,691.78,152.41,32.4383
672.08,126.64,695.24,191.59,68.9599
672.08,126.64,719.10,165.77,61.1729
672.08,126.64,698.93,98.48,38.9118
672.08,126.64,667.57,170.17,43.7604
672.08,126.64,669.67,138.82,12.4194
398.02,30.93,325.23,45.89,74.3111
398.02,30.93,352.81,53.60,50.5700
398.02,30.93,345.47,61.76,60.9199
398.02,30.93,382.69,26.81,15.8722
398.02,30.93,328.03,62.84,76.9182
398.02,30.93,439.12,53.23,46.7669
398.02,30.93,340.84,64.43,66.2701
398.02,30.93,452.96,19.30,56.1621
398.02,30.93,424.09,70.77,47.6190
398.02,30.93,371.33,32.47,26.7356
689.92,327.43,610.03,331.35,79.9916
689.92,327.43,654.14,355.75,45.6308
689.92,327.43,651.49,269.48,69.5339
689.92,327.43,747.67,326.69,57.7498
689.92,327.43,686.79,342.31,15.2112
689.92,327.43,736.23,377.63,68.2994
689.92,327.43,614.20,303.65,79.3636
689.92,327.43,742.67,275.66,73.9068
689.92,327.43,641.32,339.33,50.0330
309.52,216.48,327.46,169.70,50.1061
309.52,216.48,280.73,204.96,31.0069
309.52,216.48,342.14,184.90,45.4069
309.52,216.48,338.54,222.30,29.6033
309.52,216.48,353.32,166.76,66.2635
309.52,216.48,309.40,174.34,42.1386
309.52,216.48,340.13,287.25,77.1083
309.52,216.48,258.50,208.20,51.6818
309.52,216.48,292.16,265.22,51.7390
309.52,216.48,370.57,252.16,70.7150
309.52,216.48,240.42,230.04,70.4157
309.52,216.48,279.89,290.30,79.5446
309.52,216.48,344.18,226.78,36.1637
309.52,216.48,279.46,163.29,61.0993
309.52,216.48,299.00,260.66,45.4077
233.98,559.81,168.24,536.52,69.7438
233.98,559.81,276.84,561.44,42.8873
233.98,559.81,227.18,520.53,39.8594
233.98,559.81,251.14,553.27,18.3624
233.98,559.81,217.26,550.09,19.3389
233.98,559.81,265.47,505.35,62.9067
138.61,511.32,103.43,514.72,35.3431
138.61,511.32,105.87,580.66,76.6857
138.61,511.32,168.24,536.52,38.9014
138.61,511.32,104.85,569.32,67.1072
138.61,511.32,153.04,483.78,31.0865
138.61,511.32,89.95,505.85,48.9648
138.61,511.32,132.96,477.79,33.9952
138.61,511.32,105.50,440.06,78.5730
138.61,511.32,73.40,524.77,66.5762
138.61,511.32,106.31,520.39,33.5447
138.61,511.32,83.15,533.81,59.8463
42.33,373.64,37.25,385.11,12.5388
42.33,373.64,107.80,405.38,72.7577
42.33,373.64,100.94,347.03,64.3681
42.33,373.64,56.36,312.65,62.5819
42.33,373.64,70.05,395.09,35.0482
42.33,373.64,19.91,389.27,27.3269
42.33,373.64,19.83,441.14,71.1445
42.33,373.64,96.48,319.04,76.9037
42.33,373.64,95.20,431.49,78.3724
42.33,373.64,82.82,438.83,76.7413
42.33,373.64,64.06,383.26,23.7658
42.33,373.64,48.27,312.48,61.4514
42.33,373.64,59.10,397.33,29.0231
42.33,373.64,18.76,448.29,78.2807
472.25,316.21,478.34,272.46,44.1716
472.25,316.21,475.60,359.78,43.6910
472.25,316.21,466.74,318.83,6.1040
472.25,316.21,443.84,245.75,75.9786
472.25,316.21,503.48,331.60,34.8174
472.25,316.21,409.01,301.02,65.0426
472.25,316.21,406.33,293.08,69.8644
472.25,316.21,442.77,361.69,54.1977
472.25,316.21,401.64,303.61,71.7307
472.25,316.21,396.64,314.92,75.6228
472.25,316.21,505.44,344.01,43.2894
472.25,316.21,500.23,259.42,63.3099
472.25,316.21,433.44,354.61,54.5916
472.25,316.21,446.95,350.72,42.7859
283.53,126.01,327.46,169.70,61.9681
283.53,126.01,280.73,204.96,79.0051
283.53,126.01,351.60,129.87,68.1846
283.53,126.01,262.60,130.60,21.4276
283.53,126.01,328.03,62.84,77.2687
283.53,126.01,309.40,174.34,54.8265
283.53,126.01,256.26,62.63,68.9944
283.53,126.01,354.28,111.63,72.1964
283.53,126.01,216.86,90.72,75.4278
283.53,126.01,258.29,143.11,30.4837
283.53,126.01,317.00,61.93,72.2949
283.53,126.01,303.94,133.15,21.6298
283.53,126.01,279.46,163.29,37.5003
754.87,418.25,763.80,434.57,18.6053
754.87,418.25,713.65,484.17,77.7529
754.87,418.25,747.86,412.57,9.0228
754.87,418.25,680.96,413.52,74.0613
754.87,418.25,692.32,447.71,69.1503
754.87,418.25,751.04,487.79,69.6532
754.87,418.25,714.01,462.82,60.4719
754.87,418.25,736.23,377.63,44.6913
754.87,418.25,739.99,428.03,17.8095
754.87,418.25,726.29,453.74,45.5698
754.87,418.25,700.42,444.13,60.2890
754.87,418.25,724.01,430.13,33.0686
754.87,418.25,744.84,422.75,10.9988
563.52,316.00,604.89,365.57,64.5663
563.52,316.00,600.04,277.16,53.3125
563.52,316.00,610.03,331.35,48.9704
563.52,316.00,503.48,331.60,62.0317
563.52,316.00,592.71,373.10,64.1277
563.52,316.00,623.11,271.85,74.1598
563.52,316.00,505.44,344.01,64.4869
563.52,316.00,583.74,259.47,60.0357
563.52,316.00,614.20,303.65,52.1638
563.52,316.00,592.31,376.38,66.8943
299.47,452.58,375.90,429.09,79.9644
299.47,452.58,365.51,428.17,70.4093
299.47,452.58,287.71,449.91,12.0616
299.47,452.58,341.62,509.51,70.8429
299.47,452.58,274.78,480.02,36.9186
299.47,452.58,282.56,462.14,19.4294
299.47,452.58,357.94,463.87,59.5480
299.47,452.58,334.43,448.14,35.2429
299.47,452.58,274.25,384.49,72.6089
299.47,452.58,335.74,511.59,69.2739
299.47,452.58,335.32,510.66,68.2588
299.47,452.58,265.47,505.35,62.7748
299.47,452.58,349.23,476.21,55.0855
478.34,272.46,466.74,318.83,47.7969
478.34,272.46,443.84,245.75,43.6358
478.34,272.46,500.33,224.05,53.1758
478.34,272.46,503.48,331.60,64.2573
478.34,272.46,409.01,301.02,74.9819
478.34,272.46,406.33,293.08,74.9098
478.34,272.46,403.18,251.69,77.9788
478.34,272.46,505.44,344.01,76.5047
478.34,272.46,474.48,234.16,38.4978
478.34,272.46,500.23,259.42,25.4788
103.43,514.72,105.87,580.66,65.9839
103.43,514.72,168.24,536.52,68.3809
103.43,514.72,104.85,569.32,54.6140
103.43,514.72,153.04,483.78,58.4675
103.43,514.72,82.82,438.83,78.6374
103.43,514.72,42.15,543.54,67.7111
103.43,514.72,89.95,505.85,16.1371
103.43,514.72,132.96,477.79,47.2837
103.43,514.72,105.50,440.06,74.6909
103.43,514.72,73.40,524.77,31.6610
103.43,514.72,37.98,553.47,76.0543
103.43,514.72,106.31,520.39,6.3617
103.43,514.72,83.15,533.81,27.8479
716.59,17.74,673.16,81.91,77.4933
716.59,17.74,742.02,21.12,25.6480
716.59,17.74,750.37,79.85,70.7068
716.59,17.74,714.04,26.70,9.3253
716.59,17.74,669.21,22.36,47.6088
716.59,17.74,712.30,26.29,9.5743
716.59,17.74,661.48,35.63,57.9435
716.59,17.74,710.16,21.59,7.4999
716.59,17.74,640.42,40.87,79.6102
716.59,17.74,686.21,31.98,33.5607
488.01,550.35,449.59,532.86,42.2103
488.01,550.35,479.09,547.58,9.3393
488.01,550.35,465.47,527.10,32.3794
327.46,169.70,280.73,204.96,58.5450
327.46,169.70,351.60,129.87,46.5710
327.46,169.70,342.14,184.90,21.1241
327.46,169.70,338.54,222.30,53.7532
327.46,169.70,262.60,130.60,75.7421
327.46,169.70,353.32,166.76,26.0190
327.46,169.70,309.40,174.34,18.6549
327.46,169.70,258.50,208.20,78.9806
327.46,169.70,354.28,111.63,63.9630
327.46,169.70,258.29,143.11,74.1097
327.46,169.70,344.18,226.78,59.4784
327.46,169.70,303.94,133.15,43.4668
327.46,169.70,279.46,163.29,48.4292
674.47,213.85,691.78,152.41,63.8275
674.47,213.85,713.46,245.89,50.4718
674.47,213.85,651.49,269.48,60.1961
674.47,213.85,695.24,191.59,30.4449
674.47,213.85,623.11,271.85,77.4741
674.47,213.85,648.04,173.64,48.1109
674.47,213.85,615.59,219.25,59.1212
674.47,213.85,719.10,165.77,65.6007
674.47,213.85,635.26,179.92,51.8510
674.47,213.85,667.57,170.17,44.2191
674.47,213.85,669.67,138.82,75.1747
146.91,317.29,144.64,340.05,22.8814
146.91,317.29,89.00,273.38,72.6720
146.91,317.29,196.75,311.68,50.1534
146.91,317.29,100.94,347.03,54.7543
146.91,317.29,159.88,245.87,72.5808
146.91,317.29,152.62,278.09,39.6090
146.91,317.29,96.48,319.04,50.4561
146.91,317.29,217.93,311.68,71.2438
146.91,317.29,173.92,249.24,73.2102
146.91,317.29,175.37,250.32,72.7630
146.91,317.29,126.36,389.85,75.4164
604.89,365.57,610.03,331.35,34.6024
604.89,365.57,654.14,355.75,50.2175
604.89,365.57,592.71,373.10,14.3263
604.89,365.57,614.20,303.65,62.6199
604.89,365.57,641.32,339.33,44.8990
604.89,365.57,592.31,376.38,16.5877
325.23,45.89,352.81,53.60,28.6399
325.23,45.89,345.47,61.76,25.7195
325.23,45.89,382.69,26.81,60.5452
325.23,45.89,328.03,62.84,17.1809
325.23,45.89,340.84,64.43,24.2310
325.23,45.89,256.26,62.63,70.9747
325.23,45.89,354.28,111.63,71.8674
325.23,45.89,371.33,32.47,48.0132
325.23,45.89,317.00,61.93,18.0229
375.90,429.09,365.51,428.17,10.4331
375.90,429.09,428.04,432.36,52.2364
375.90,429.09,432.68,456.07,62.8580
375.90,429.09,357.94,463.87,39.1529
375.90,429.09,396.66,485.31,59.9322
375.90,429.09,387.36,419.56,14.8996
375.90,429.09,334.43,448.14,45.6412
375.90,429.09,349.23,476.21,54.1533
375.90,429.09,392.85,390.57,42.0846
607.72,473.15,642.17,482.37,35.6596
607.72,473.15,652.04,466.15,44.8720
607.72,473.15,622.33,485.50,19.1313
607.72,473.15,562.57,477.60,45.3677
607.72,473.15,627.13,516.33,47.3355
607.72,473.15,583.85,501.48,37.0453
673.16,81.91,691.78,152.41,72.9167
673.16,81.91,750.37,79.85,77.2386
673.16,81.91,714.04,26.70,68.6955
673.16,81.91,669.21,22.36,59.6863
673.16,81.91,712.30,26.29,68.0103
673.16,81.91,698.93,98.48,30.6381
673.16,81.91,661.48,35.63,47.7331
673.16,81.91,710.16,21.59,70.7676
673.16,81.91,640.42,40.87,52.5006
673.16,81.91,669.67,138.82,57.0202
673.16,81.91,686.21,31.98,51.6073
39.35,222.23,25.14,267.99,47.9163
39.35,222.23,89.00,273.38,71.2853
39.35,222.23,42.45,152.94,69.3603
39.35,222.23,15.57,263.73,47.8335
39.35,222.23,38.57,193.35,28.8920
39.35,222.23,23.47,294.33,73.8267
39.35,222.23,52.76,210.30,17.9415
25.14,267.99,89.00,273.38,64.0855
25.14,267.99,56.36,312.65,54.4915
25.14,267.99,15.57,263.73,10.4730
25.14,267.99,48.27,312.48,50.1450
25.14,267.99,38.57,193.35,75.8397
25.14,267.99,23.47,294.33,26.3901
25.14,267.99,52.76,210.30,63.9556
449.59,532.86,479.09,547.58,32.9659
449.59,532.86,375.82,516.18,75.6367
449.59,532.86,388.94,551.32,63.3937
449.59,532.86,465.47,527.10,16.8899
449.59,532.86,432.68,456.07,78.6355
449.59,532.86,396.66,485.31,71.1543
449.59,532.86,395.86,527.66,53.9799
763.80,434.57,713.65,484.17,70.5386
763.80,434.57,747.86,412.57,27.1670
763.80,434.57,692.32,447.71,72.6842
763.80,434.57,751.04,487.79,54.7339
763.80,434.57,714.01,462.82,57.2489
763.80,434.57,736.23,377.63,63.2641
763.80,434.57,739.99,428.03,24.6904
763.80,434.57,726.29,453.74,42.1247
763.80,434.57,700.42,444.13,64.0948
763.80,434.57,724.01,430.13,40.0327
763.80,434.57,744.84,422.75,22.3460
105.87,580.66,168.24,536.52,76.4190
105.87,580.66,104.85,569.32,11.3885
105.87,580.66,42.15,543.54,73.7393
105.87,580.66,89.95,505.85,76.4839
105.87,580.66,73.40,524.77,64.6326
105.87,580.66,37.98,553.47,73.1272
105.87,580.66,106.31,520.39,60.2706
105.87,580.66,83.15,533.81,52.0731
168.24,536.52,104.85,569.32,71.3735
168.24,536.52,153.04,483.78,54.8806
168.24,536.52,132.96,477.79,68.5075
168.24,536.52,227.18,520.53,61.0687
168.24,536.52,106.31,520.39,63.9946
168.24,536.52,217.26,550.09,50.8630
632.28,563.69,626.17,571.39,9.8291
632.28,563.69,622.18,560.73,10.5293
632.28,563.69,640.83,554.69,12.4119
632.28,563.69,605.46,563.65,26.8237
632.28,563.69,668.32,582.13,40.4825
632.28,563.69,697.26,519.26,78.7144
632.28,563.69,661.15,577.97,32.2044
632.28,563.69,622.33,485.50,78.8161
632.28,563.69,627.13,516.33,47.6420
632.28,563.69,686.13,573.01,54.6426
632.28,563.69,637.71,576.57,13.9736
632.28,563.69,583.85,501.48,78.8430
104.85,569.32,42.15,543.54,67.7943
104.85,569.32,89.95,505.85,65.1928
104.85,569.32,73.40,524.77,54.5294
104.85,569.32,37.98,553.47,68.7244
104.85,569.32,106.31,520.39,48.9471
104.85,569.32,83.15,533.81,41.6214
144.64,340.05,107.80,405.38,74.9970
144.64,340.05,196.75,311.68,59.3361
144.64,340.05,123.21,407.00,70.2922
144.64,340.05,100.94,347.03,44.2475
144.64,340.05,152.62,278.09,62.4757
144.64,340.05,96.48,319.04,52.5366
144.64,340.05,217.93,311.68,78.5984
144.64,340.05,126.36,389.85,53.0424
89.00,273.38,100.94,347.03,74.6120
89.00,273.38,159.88,245.87,76.0327
89.00,273.38,152.62,278.09,63.7963
89.00,273.38,56.36,312.65,51.0650
89.00,273.38,96.48,319.04,46.2655
89.00,273.38,135.78,217.47,72.8997
89.00,273.38,15.57,263.73,74.0585
89.00,273.38,137.73,222.25,70.6340
89.00,273.38,48.27,312.48,56.4550
89.00,273.38,23.47,294.33,68.7975
89.00,273.38,52.76,210.30,72.7507
475.60,359.78,466.74,318.83,41.8943
475.60,359.78,503.48,331.60,39.6411
475.60,359.78,442.77,361.69,32.8922
475.60,359.78,505.44,344.01,33.7442
475.60,359.78,433.44,354.61,42.4753
475.60,359.78,446.95,350.72,30.0470
626.17,571.39,622.18,560.73,11.3823
626.17,571.39,640.83,554.69,22.2193
626.17,571.39,605.46,563.65,22.1114
626.17,571.39,668.32,582.13,43.4952
626.17,571.39,661.15,577.97,35.5893
626.17,571.39,627.13,516.33,55.0688
626.17,571.39,686.13,573.01,59.9751
626.17,571.39,637.71,576.57,12.6447
365.51,428.17,428.04,432.36,62.6667
365.51,428.17,432.68,456.07,72.7288
365.51,428.17,325.90,366.60,73.2149
365.51,428.17,357.94,463.87,36.4976
365.51,428.17,396.66,485.31,65.0785
365.51,428.17,387.36,419.56,23.4846
365.51,428.17,334.43,448.14,36.9439
365.51,428.17,349.23,476.21,50.7277
365.51,428.17,392.85,390.57,46.4928
352.81,53.60,351.60,129.87,76.2855
352.81,53.60,345.47,61.76,10.9744
352.81,53.60,382.69,26.81,40.1250
352.81,53.60,328.03,62.84,26.4488
352.81,53.60,340.84,64.43,16.1462
352.81,53.60,354.28,111.63,58.0506
352.81,53.60,424.09,70.77,73.3206
352.81,53.60,371.33,32.47,28.0942
352.81,53.60,317.00,61.93,36.7731
600.04,277.16,590.06,208.99,68.8994
600.04,277.16,610.03,331.35,55.1077
600.04,277.16,579.10,234.63,47.4032
600.04,277.16,651.49,269.48,52.0167
600.04,277.16,623.11,271.85,23.6715
600.04,277.16,615.59,219.25,59.9562
600.04,277.16,583.74,259.47,24.0500
600.04,277.16,614.20,303.65,30.0402
600.04,277.16,641.32,339.33,74.6288
396.15,236.03,397.98,284.21,48.2097
396.15,236.03,342.14,184.90,74.3801
396.15,236.03,443.84,245.75,48.6680
396.15,236.03,338.54,222.30,59.2260
396.15,236.03,430.24,200.95,48.9121
396.15,236.03,409.01,301.02,66.2423
396.15,236.03,406.33,293.08,57.9516
396.15,236.03,403.18,251.69,17.1595
396.15,236.03,401.64,303.61,67.7985
396.15,236.03,396.64,314.92,78.8873
396.15,236.03,340.13,287.25,75.9086
396.15,236.03,474.48,234.16,78.3455
396.15,236.03,393.10,218.61,17.6842
396.15,236.03,410.98,181.09,56.9111
396.15,236.03,370.57,252.16,30.2455
396.15,236.03,344.18,226.78,52.7890
590.06,208.99,579.10,234.63,27.8831
590.06,208.99,623.11,271.85,71.0230
590.06,208.99,648.04,173.64,67.9069
590.06,208.99,615.59,219.25,27.5255
590.06,208.99,583.74,259.47,50.8804
590.06,208.99,635.26,179.92,53.7389
527.16,24.10,588.47,29.28,61.5243
527.16,24.10,560.75,55.10,45.7089
527.16,24.10,479.59,43.19,51.2606
527.16,24.10,452.96,19.30,74.3511
527.16,24.10,540.20,35.71,17.4599
30.01,56.18,85.20,95.23,67.6134
30.01,56.18,76.80,26.50,55.4063
30.01,56.18,79.44,86.56,58.0180
30.01,56.18,67.58,65.23,38.6424
30.01,56.18,66.22,84.09,45.7192
713.65,484.17,747.86,412.57,79.3490
713.65,484.17,680.96,413.52,77.8445
713.65,484.17,692.32,447.71,42.2382
713.65,484.17,642.17,482.37,71.5000
713.65,484.17,751.04,487.79,37.5643
713.65,484.17,697.26,519.26,38.7253
713.65,484.17,652.04,466.15,64.1841
713.65,484.17,714.01,462.82,21.3500
713.65,484.17,738.28,534.62,56.1411
713.65,484.17,739.99,428.03,62.0131
713.65,484.17,674.67,446.34,54.3124
713.65,484.17,726.29,453.74,32.9540
713.65,484.17,700.42,444.13,42.1647
713.65,484.17,724.01,430.13,55.0213
713.65,484.17,744.84,422.75,68.8872
747.86,412.57,680.96,413.52,66.9002
747.86,412.57,692.32,447.71,65.7235
747.86,412.57,751.04,487.79,75.2870
747.86,412.57,714.01,462.82,60.5848
747.86,412.57,736.23,377.63,36.8287
747.86,412.57,739.99,428.03,17.3427
747.86,412.57,726.29,453.74,46.4710
747.86,412.57,700.42,444.13,56.9714
747.86,412.57,724.01,430.13,29.6102
747.86,412.57,744.84,422.75,10.6130
622.18,560.73,640.83,554.69,19.6064
622.18,560.73,605.46,563.65,16.9721
622.18,560.73,668.32,582.13,50.8641
622.18,560.73,661.15,577.97,42.6129
622.18,560.73,622.33,485.50,75.2255
622.18,560.73,627.13,516.33,44.6767
622.18,560.73,686.13,573.01,65.1149
622.18,560.73,637.71,576.57,22.1808
622.18,560.73,583.85,501.48,70.5689
153.04,483.78,95.20,431.49,77.9684
153.04,483.78,89.95,505.85,66.8394
153.04,483.78,132.96,477.79,20.9547
153.04,483.78,105.50,440.06,64.5903
153.04,483.78,106.31,520.39,59.3592
640.83,554.69,605.46,563.65,36.4891
640.83,554.69,668.32,582.13,38.8428
640.83,554.69,642.17,482.37,72.3294
640.83,554.69,697.26,519.26,66.6293
640.83,554.69,661.15,577.97,30.8984
640.83,554.69,622.33,485.50,71.6173
640.83,554.69,627.13,516.33,40.7383
640.83,554.69,686.13,573.01,48.8570
640.83,554.69,637.71,576.57,22.0984
640.83,554.69,583.85,501.48,77.9661
691.78,152.41,754.86,170.00,65.4900
691.78,152.41,695.24,191.59,39.3346
691.78,152.41,648.04,173.64,48.6176
691.78,152.41,719.10,165.77,30.4120
691.78,152.41,698.93,98.48,54.4027
691.78,152.41,667.57,170.17,30.0222
691.78,152.41,669.67,138.82,25.9483
37.25,385.11,107.80,405.38,73.4055
37.25,385.11,100.94,347.03,74.2027
37.25,385.11,56.36,312.65,74.9303
37.25,385.11,70.05,395.09,34.2839
37.25,385.11,19.91,389.27,17.8323
37.25,385.11,19.83,441.14,58.6748
37.25,385.11,95.20,431.49,74.2308
37.25,385.11,82.82,438.83,70.4500
37.25,385.11,64.06,383.26,26.8741
37.25,385.11,48.27,312.48,73.4586
37.25,385.11,59.10,397.33,25.0341
37.25,385.11,18.76,448.29,65.8342
280.73,204.96,342.14,184.90,64.6036
280.73,204.96,338.54,222.30,60.3572
280.73,204.96,262.60,130.60,76.5395
280.73,204.96,309.40,174.34,41.9438
280.73,204.96,258.50,208.20,22.4613
280.73,204.96,292.16,265.22,61.3383
280.73,204.96,258.29,143.11,65.7971
280.73,204.96,240.42,230.04,47.4745
280.73,204.96,344.18,226.78,67.1001
280.73,204.96,303.94,133.15,75.4689
280.73,204.96,279.46,163.29,41.6952
280.73,204.96,299.00,260.66,58.6162
397.98,284.21,324.77,306.61,76.5580
397.98,284.21,466.74,318.83,76.9852
397.98,284.21,443.84,245.75,59.8586
397.98,284.21,409.01,301.02,20.1053
397.98,284.21,406.33,293.08,12.1869
397.98,284.21,403.18,251.69,32.9355
397.98,284.21,401.64,303.61,19.7435
397.98,284.21,396.64,314.92,30.7396
397.98,284.21,340.13,287.25,57.9256
397.98,284.21,393.10,218.61,65.7753
397.98,284.21,370.57,252.16,42.1663
397.98,284.21,433.44,354.61,78.8301
397.98,284.21,344.18,226.78,78.6860
605.46,563.65,668.32,582.13,65.5214
605.46,563.65,661.15,577.97,57.5002
605.46,563.65,622.33,485.50,79.9458
605.46,563.65,627.13,516.33,52.0457
605.46,563.65,637.71,576.57,34.7394
605.46,563.65,583.85,501.48,65.8206
324.77,306.61,304.39,353.37,51.0073
324.77,306.61,401.64,303.61,76.9250
324.77,306.61,396.64,314.92,72.3474
324.77,306.61,340.13,287.25,24.7138
324.77,306.61,292.16,265.22,52.6907
324.77,306.61,325.90,366.60,59.9958
324.77,306.61,370.57,252.16,71.1499
324.77,306.61,262.84,356.49,79.5160
324.77,306.61,279.89,290.30,47.7504
324.77,306.61,245.66,305.62,79.1202
324.77,306.61,299.00,260.66,52.6881
742.02,21.12,750.37,79.85,59.3250
742.02,21.12,714.04,26.70,28.5312
742.02,21.12,669.21,22.36,72.8184
742.02,21.12,712.30,26.29,30.1684
742.02,21.12,710.16,21.59,31.8626
742.02,21.12,686.21,31.98,56.8581
140.17,58.61,85.20,95.23,66.0511
140.17,58.61,76.80,26.50,71.0455
140.17,58.61,79.44,86.56,66.8589
140.17,58.61,67.58,65.23,72.8932
140.17,58.61,159.58,30.57,34.1056
140.17,58.61,213.76,52.47,73.8450
140.17,58.61,66.22,84.09,78.2201
351.60,129.87,342.14,184.90,55.8332
351.60,129.87,345.47,61.76,68.3916
351.60,129.87,328.03,62.84,71.0513
351.60,129.87,353.32,166.76,36.9279
351.60,129.87,309.40,174.34,61.3092
351.60,129.87,340.84,64.43,66.3248
351.60,129.87,410.98,181.09,78.4149
351.60,129.87,354.28,111.63,18.4388
351.60,129.87,317.00,61.93,76.2514
351.60,129.87,303.94,133.15,47.7719
351.60,129.87,279.46,163.29,79.4997
680.96,413.52,692.32,447.71,36.0299
680.96,413.52,642.17,482.37,79.0299
680.96,413.52,652.04,466.15,60.0491
680.96,413.52,714.01,462.82,59.3548
680.96,413.52,654.14,355.75,63.6942
680.96,413.52,686.79,342.31,71.4434
680.96,413.52,736.23,377.63,65.9034
680.96,413.52,739.99,428.03,60.7873
680.96,413.52,674.67,446.34,33.4217
680.96,413.52,726.29,453.74,60.5984
680.96,413.52,700.42,444.13,36.2752
680.96,413.52,724.01,430.13,46.1473
680.96,413.52,744.84,422.75,64.5385
668.32,582.13,697.26,519.26,69.2180
668.32,582.13,661.15,577.97,8.2928
668.32,582.13,627.13,516.33,77.6377
668.32,582.13,686.13,573.01,20.0105
668.32,582.13,637.71,576.57,31.1135
107.80,405.38,123.21,407.00,15.4959
107.80,405.38,100.94,347.03,58.7508
107.80,405.38,70.05,395.09,39.1296
107.80,405.38,95.20,431.49,28.9934
107.80,405.38,82.82,438.83,41.7478
107.80,405.38,64.06,383.26,49.0130
107.80,405.38,132.96,477.79,76.6571
107.80,405.38,105.50,440.06,34.7545
107.80,405.38,126.36,389.85,24.2003
107.80,405.38,59.10,397.33,49.3655
342.14,184.90,338.54,222.30,37.5757
342.14,184.90,353.32,166.76,21.3060
342.14,184.90,309.40,174.34,34.4001
342.14,184.90,393.10,218.61,61.1090
342.14,184.90,410.98,181.09,68.9480
342.14,184.90,370.57,252.16,73.0267
342.14,184.90,354.28,111.63,74.2678
342.14,184.90,344.18,226.78,41.9343
342.14,184.90,303.94,133.15,64.3181
342.14,184.90,279.46,163.29,66.2971
287.71,449.91,274.78,480.02,32.7758
287.71,449.91,282.56,462.14,13.2741
287.71,449.91,357.94,463.87,71.6042
287.71,449.91,334.43,448.14,46.7579
287.71,449.91,335.74,511.59,78.1856
287.71,449.91,335.32,510.66,77.1911
287.71,449.91,265.47,505.35,59.7351
287.71,449.91,349.23,476.21,66.9078
466.74,318.83,443.84,245.75,76.5865
466.74,318.83,503.48,331.60,38.9035
466.74,318.83,409.01,301.02,60.4139
466.74,318.83,406.33,293.08,65.6677
466.74,318.83,442.77,361.69,49.1065
466.74,318.83,401.64,303.61,66.8559
466.74,318.83,396.64,314.92,70.2063
466.74,318.83,505.44,344.01,46.1711
466.74,318.83,500.23,259.42,68.1999
466.74,318.83,433.44,354.61,48.8726
466.74,318.83,446.95,350.72,37.5271
196.75,311.68,159.88,245.87,75.4355
196.75,311.68,152.62,278.09,55.4610
196.75,311.68,217.93,311.68,21.1833
196.75,311.68,234.31,381.32,79.1187
196.75,311.68,173.92,249.24,66.4848
196.75,311.68,262.84,356.49,79.8421
196.75,311.68,175.37,250.32,64.9803
196.75,311.68,237.97,301.90,42.3646
196.75,311.68,245.66,305.62,49.2808
479.09,547.58,465.47,527.10,24.5921
750.37,79.85,714.04,26.70,64.3805
750.37,79.85,712.30,26.29,65.7158
750.37,79.85,698.93,98.48,54.7082
750.37,79.85,710.16,21.59,70.7949
123.21,407.00,100.94,347.03,63.9704
123.21,407.00,70.05,395.09,54.4811
123.21,407.00,95.20,431.49,37.2086
123.21,407.00,82.82,438.83,51.4252
123.21,407.00,64.06,383.26,63.7352
123.21,407.00,105.50,440.06,37.5059
123.21,407.00,126.36,389.85,17.4403
123.21,407.00,59.10,397.33,64.8408
375.82,516.18,341.62,509.51,34.8360
375.82,516.18,369.75,540.73,25.2833
375.82,516.18,388.94,551.32,37.5077
375.82,516.18,371.85,510.52,6.9176
375.82,516.18,357.94,463.87,55.2827
375.82,516.18,396.66,485.31,37.2519
375.82,516.18,334.43,448.14,79.6404
375.82,516.18,356.58,584.31,70.7940
375.82,516.18,395.86,527.66,23.0994
375.82,516.18,335.74,511.59,40.3333
375.82,516.18,335.32,510.66,40.8685
375.82,516.18,349.23,476.21,48.0077
443.84,245.75,430.24,200.95,46.8163
443.84,245.75,500.33,224.05,60.5105
443.84,245.75,409.01,301.02,65.3308
443.84,245.75,406.33,293.08,60.4019
443.84,245.75,403.18,251.69,41.0918
443.84,245.75,401.64,303.61,71.6205
443.84,245.75,474.48,234.16,32.7517
443.84,245.75,393.10,218.61,57.5369
443.84,245.75,410.98,181.09,72.5308
443.84,245.75,500.23,259.42,58.0218
443.84,245.75,370.57,252.16,73.5542
341.62,509.51,274.78,480.02,73.0621
341.62,509.51,369.75,540.73,42.0180
341.62,509.51,388.94,551.32,63.1414
341.62,509.51,371.85,510.52,30.2377
341.62,509.51,282.56,462.14,75.7185
341.62,509.51,357.94,463.87,48.4666
341.62,509.51,396.66,485.31,60.1225
341.62,509.51,334.43,448.14,61.7918
341.62,509.51,356.58,584.31,76.2828
341.62,509.51,395.86,527.66,57.1932
341.62,509.51,335.74,511.59,6.2376
341.62,509.51,335.32,510.66,6.4065
341.62,509.51,265.47,505.35,76.2682
341.62,509.51,349.23,476.21,34.1563
338.54,222.30,353.32,166.76,57.4726
338.54,222.30,403.18,251.69,71.0066
338.54,222.30,309.40,174.34,56.1187
338.54,222.30,340.13,287.25,64.9708
338.54,222.30,292.16,265.22,63.1936
338.54,222.30,393.10,218.61,54.6881
338.54,222.30,370.57,252.16,43.7891
338.54,222.30,344.18,226.78,7.2036
338.54,222.30,299.00,260.66,55.0859
430.24,200.95,500.33,224.05,73.7990
430.24,200.95,403.18,251.69,57.4984
430.24,200.95,474.48,234.16,55.3185
430.24,200.95,393.10,218.61,41.1184
430.24,200.95,410.98,181.09,27.6650
430.24,200.95,370.57,252.16,78.6321
274.78,480.02,282.56,462.14,19.5023
274.78,480.02,334.43,448.14,67.6395
274.78,480.02,251.14,553.27,76.9653
274.78,480.02,335.74,511.59,68.6556
274.78,480.02,335.32,510.66,67.8549
274.78,480.02,265.47,505.35,26.9803
274.78,480.02,349.23,476.21,74.5458
500.33,224.05,579.10,234.63,79.4838
500.33,224.05,474.48,234.16,27.7597
500.33,224.05,500.23,259.42,35.3753
100.94,347.03,56.36,312.65,56.3019
100.94,347.03,70.05,395.09,57.1334
100.94,347.03,96.48,319.04,28.3467
100.94,347.03,64.06,383.26,51.6993
100.94,347.03,48.27,312.48,62.9927
100.94,347.03,126.36,389.85,49.7896
100.94,347.03,59.10,397.33,65.4312
159.88,245.87,152.62,278.09,33.0251
159.88,245.87,135.78,217.47,37.2490
159.88,245.87,173.92,249.24,14.4411
159.88,245.87,137.73,222.25,32.3821
159.88,245.87,175.37,250.32,16.1193
152.62,278.09,96.48,319.04,69.4841
152.62,278.09,217.93,311.68,73.4432
152.62,278.09,135.78,217.47,62.9144
152.62,278.09,173.92,249.24,35.8616
152.62,278.09,137.73,222.25,57.7903
152.62,278.09,175.37,250.32,35.9004
262.60,130.60,309.40,174.34,64.0609
262.60,130.60,256.26,62.63,68.2667
262.60,130.60,258.50,208.20,77.7063
262.60,130.60,216.86,90.72,60.6828
262.60,130.60,258.29,143.11,13.2276
262.60,130.60,303.94,133.15,41.4233
262.60,130.60,219.14,76.72,69.2146
262.60,130.60,279.46,163.29,36.7800
610.03,331.35,654.14,355.75,50.4108
610.03,331.35,651.49,269.48,74.4778
610.03,331.35,592.71,373.10,45.2006
610.03,331.35,623.11,271.85,60.9247
610.03,331.35,686.79,342.31,77.5390
610.03,331.35,583.74,259.47,76.5357
610.03,331.35,614.20,303.65,28.0174
610.03,331.35,641.32,339.33,32.2976
610.03,331.35,592.31,376.38,48.3891
85.20,95.23,76.80,26.50,69.2488
85.20,95.23,42.45,152.94,71.8152
85.20,95.23,79.44,86.56,10.4138
85.20,95.23,67.58,65.23,34.7991
85.20,95.23,66.22,84.09,22.0123
579.10,234.63,623.11,271.85,57.6344
579.10,234.63,615.59,219.25,39.5961
579.10,234.63,583.74,259.47,25.2736
579.10,234.63,635.26,179.92,78.3964
579.10,234.63,614.20,303.65,77.4330
56.36,312.65,96.48,319.04,40.6339
56.36,312.65,15.57,263.73,63.6920
56.36,312.65,64.06,383.26,71.0313
56.36,312.65,48.27,312.48,8.0859
56.36,312.65,23.47,294.33,37.6518
345.47,61.76,382.69,26.81,51.0498
345.47,61.76,328.03,62.84,17.4743
345.47,61.76,340.84,64.43,5.3504
345.47,61.76,354.28,111.63,50.6437
345.47,61.76,424.09,70.77,79.1354
345.47,61.76,371.33,32.47,39.0679
345.47,61.76,317.00,61.93,28.4787
503.48,331.60,442.77,361.69,67.7663
503.48,331.60,505.44,344.01,12.5645
503.48,331.60,500.23,259.42,72.2499
503.48,331.60,433.44,354.61,73.7252
503.48,331.60,446.95,350.72,59.6783
713.46,245.89,651.49,269.48,66.3158
713.46,245.89,695.24,191.59,57.2723
713.46,245.89,742.67,275.66,41.7014
304.39,353.37,277.14,399.83,53.8547
304.39,353.37,234.31,381.32,75.4441
304.39,353.37,261.06,389.98,56.7217
304.39,353.37,340.13,287.25,75.1605
304.39,353.37,325.90,366.60,25.2446
304.39,353.37,262.84,356.49,41.6721
304.39,353.37,274.25,384.49,43.3232
304.39,353.37,245.03,386.93,68.1942
304.39,353.37,279.89,290.30,67.6616
304.39,353.37,245.66,305.62,75.7024
714.04,26.70,669.21,22.36,45.0389
714.04,26.70,712.30,26.29,1.7908
714.04,26.70,698.93,98.48,73.3492
714.04,26.70,661.48,35.63,53.3085
714.04,26.70,710.16,21.59,6.4214
714.04,26.70,640.42,40.87,74.9698
714.04,26.70,686.21,31.98,28.3276
669.21,22.36,712.30,26.29,43.2653
669.21,22.36,661.48,35.63,15.3583
669.21,22.36,710.16,21.59,40.9559
669.21,22.36,640.42,40.87,34.2295
669.21,22.36,686.21,31.98,19.5329
409.01,301.02,406.33,293.08,8.3726
409.01,301.02,442.77,361.69,69.4325
409.01,301.02,403.18,251.69,49.6720
409.01,301.02,401.64,303.61,7.8154
409.01,301.02,396.64,314.92,18.6090
409.01,301.02,340.13,287.25,70.2399
409.01,301.02,370.57,252.16,62.1625
409.01,301.02,433.44,354.61,58.9003
409.01,301.02,446.95,350.72,62.5319
588.47,29.28,560.75,55.10,37.8875
588.47,29.28,661.48,35.63,73.2920
588.47,29.28,540.20,35.71,48.6940
588.47,29.28,640.42,40.87,53.2308
692.32,447.71,642.17,482.37,60.9580
692.32,447.71,751.04,487.79,71.0949
692.32,447.71,697.26,519.26,71.7132
692.32,447.71,652.04,466.15,44.2887
692.32,447.71,714.01,462.82,26.4375
692.32,447.71,739.99,428.03,51.5798
692.32,447.71,622.33,485.50,79.5348
692.32,447.71,674.67,446.34,17.6965
692.32,447.71,726.29,453.74,34.5050
692.32,447.71,700.42,444.13,8.8642
692.32,447.71,724.01,430.13,36.2478
692.32,447.71,744.84,422.75,58.1537
406.33,293.08,442.77,361.69,77.6822
406.33,293.08,403.18,251.69,41.5171
406.33,293.08,401.64,303.61,11.5224
406.33,293.08,396.64,314.92,23.8865
406.33,293.08,340.13,287.25,66.4522
406.33,293.08,393.10,218.61,75.6357
406.33,293.08,370.57,252.16,54.3426
406.33,293.08,433.44,354.61,67.2351
406.33,293.08,446.95,350.72,70.5148
369.75,540.73,388.94,551.32,21.9207
369.75,540.73,371.85,510.52,30.2824
369.75,540.73,357.94,463.87,77.7590
369.75,540.73,396.66,485.31,61.6071
369.75,540.73,356.58,584.31,45.5320
369.75,540.73,395.86,527.66,29.1987
369.75,540.73,335.74,511.59,44.7798
369.75,540.73,335.32,510.66,45.7090
369.75,540.73,349.23,476.21,67.7023
388.94,551.32,371.85,510.52,44.2380
388.94,551.32,396.66,485.31,66.4593
388.94,551.32,356.58,584.31,46.2166
388.94,551.32,395.86,527.66,24.6488
388.94,551.32,335.74,511.59,66.3941
388.94,551.32,335.32,510.66,67.2920
642.17,482.37,697.26,519.26,66.2963
642.17,482.37,652.04,466.15,18.9949
642.17,482.37,714.01,462.82,74.4533
642.17,482.37,622.33,485.50,20.0832
642.17,482.37,562.57,477.60,79.7390
642.17,482.37,674.67,446.34,48.5234
642.17,482.37,627.13,516.33,37.1374
642.17,482.37,700.42,444.13,69.6846
642.17,482.37,583.85,501.48,61.3697
70.05,395.09,19.91,389.27,50.4749
70.05,395.09,19.83,441.14,68.1289
70.05,395.09,95.20,431.49,44.2468
70.05,395.09,82.82,438.83,45.5660
70.05,395.09,64.06,383.26,13.2575
70.05,395.09,105.50,440.06,57.2588
70.05,395.09,126.36,389.85,56.5527
70.05,395.09,59.10,397.33,11.1790
70.05,395.09,18.76,448.29,73.8946
19.91,389.27,19.83,441.14,51.8699
19.91,389.27,64.06,383.26,44.5573
19.91,389.27,59.10,397.33,40.0071
19.91,389.27,18.76,448.29,59.0354
76.80,26.50,79.44,86.56,60.1238
76.80,26.50,67.58,65.23,39.8127
76.80,26.50,66.22,84.09,58.5595
42.45,152.94,79.44,86.56,75.9827
42.45,152.94,38.57,193.35,40.5959
42.45,152.94,66.22,84.09,72.8305
42.45,152.94,52.76,210.30,58.2833
751.04,487.79,697.26,519.26,62.3051
751.04,487.79,714.01,462.82,44.6592
751.04,487.79,738.28,534.62,48.5284
751.04,487.79,739.99,428.03,60.7744
751.04,487.79,726.29,453.74,42.0967
751.04,487.79,700.42,444.13,66.8424
751.04,487.79,724.01,430.13,63.6769
751.04,487.79,744.84,422.75,65.3398
19.83,441.14,95.20,431.49,75.9841
19.83,441.14,82.82,438.83,63.0321
19.83,441.14,64.06,383.26,72.8381
19.83,441.14,59.10,397.33,58.8240
19.83,441.14,18.76,448.29,7.2343
697.26,519.26,652.04,466.15,69.7485
697.26,519.26,714.01,462.82,58.8673
697.26,519.26,661.15,577.97,68.9296
697.26,519.26,738.28,534.62,43.8062
697.26,519.26,674.67,446.34,76.3309
697.26,519.26,627.13,516.33,70.1942
697.26,519.26,686.13,573.01,54.8898
697.26,519.26,726.29,453.74,71.6627
697.26,519.26,700.42,444.13,75.1910
652.04,466.15,714.01,462.82,62.0541
652.04,466.15,622.33,485.50,35.4620
652.04,466.15,674.67,446.34,30.0692
652.04,466.15,627.13,516.33,56.0267
652.04,466.15,726.29,453.74,75.2753
652.04,466.15,700.42,444.13,53.1523
652.04,466.15,583.85,501.48,76.8044
96.48,319.04,64.06,383.26,71.9455
96.48,319.04,48.27,312.48,48.6572
96.48,319.04,126.36,389.85,76.8517
96.48,319.04,23.47,294.33,77.0879
442.77,361.69,401.64,303.61,71.1687
442.77,361.69,396.64,314.92,65.6904
442.77,361.69,505.44,344.01,65.1170
442.77,361.69,433.44,354.61,11.7073
442.77,361.69,392.85,390.57,57.6645
442.77,361.69,446.95,350.72,11.7417
382.69,26.81,328.03,62.84,65.4639
382.69,26.81,439.12,53.23,62.3131
382.69,26.81,340.84,64.43,56.2711
382.69,26.81,452.96,19.30,70.6750
382.69,26.81,424.09,70.77,60.3904
382.69,26.81,371.33,32.47,12.6914
382.69,26.81,317.00,61.93,74.4887
714.01,462.82,738.28,534.62,75.7859
714.01,462.82,739.99,428.03,43.4227
714.01,462.82,674.67,446.34,42.6502
714.01,462.82,726.29,453.74,15.2757
714.01,462.82,700.42,444.13,23.1070
714.01,462.82,724.01,430.13,34.1855
714.01,462.82,744.84,422.75,50.5599
428.04,432.36,432.68,456.07,24.1568
428.04,432.36,357.94,463.87,76.8593
428.04,432.36,396.66,485.31,61.5472
428.04,432.36,387.36,419.56,42.6430
428.04,432.36,433.44,354.61,77.9405
428.04,432.36,392.85,390.57,54.6358
328.03,62.84,340.84,64.43,12.9020
328.03,62.84,256.26,62.63,71.7782
328.03,62.84,354.28,111.63,55.3956
328.03,62.84,371.33,32.47,52.8877
328.03,62.84,317.00,61.93,11.0758
328.03,62.84,303.94,133.15,74.3207
654.14,355.75,592.71,373.10,63.8387
654.14,355.75,686.79,342.31,35.3014
654.14,355.75,614.20,303.65,65.6450
654.14,355.75,641.32,339.33,20.8305
654.14,355.75,592.31,376.38,65.1806
754.86,170.00,695.24,191.59,63.4089
754.86,170.00,719.10,165.77,36.0123
353.32,166.76,309.40,174.34,44.5701
353.32,166.76,393.10,218.61,65.3585
353.32,166.76,410.98,181.09,59.4163
353.32,166.76,354.28,111.63,55.1399
353.32,166.76,344.18,226.78,60.7134
353.32,166.76,303.94,133.15,59.7298
353.32,166.76,279.46,163.29,73.9361
277.14,399.83,234.31,381.32,46.6567
277.14,399.83,261.06,389.98,18.8536
277.14,399.83,325.90,366.60,58.9999
277.14,399.83,334.43,448.14,74.9421
277.14,399.83,262.84,356.49,45.6399
277.14,399.83,274.25,384.49,15.6070
277.14,399.83,245.03,386.93,34.6077
651.49,269.48,623.11,271.85,28.4773
651.49,269.48,615.59,219.25,61.7340
651.49,269.48,583.74,259.47,68.4811
651.49,269.48,614.20,303.65,50.5701
651.49,269.48,641.32,339.33,70.5804
695.24,191.59,648.04,173.64,50.5003
695.24,191.59,719.10,165.77,35.1559
695.24,191.59,635.26,179.92,61.1126
695.24,191.59,667.57,170.17,34.9974
695.24,191.59,669.67,138.82,58.6382
79.44,86.56,67.58,65.23,24.4086
79.44,86.56,66.22,84.09,13.4463
245.03,21.65,256.26,62.63,42.4868
245.03,21.65,213.76,52.47,43.9066
245.03,21.65,216.86,90.72,74.5881
245.03,21.65,219.14,76.72,60.8539
276.84,561.44,227.18,520.53,64.3387
276.84,561.44,251.14,553.27,26.9654
276.84,561.44,335.74,511.59,77.1684
276.84,561.44,335.32,510.66,77.4542
276.84,561.44,217.26,550.09,60.6500
276.84,561.44,265.47,505.35,57.2369
217.93,311.68,234.31,381.32,71.5385
217.93,311.68,173.92,249.24,76.3899
217.93,311.68,262.84,356.49,63.4355
217.93,311.68,175.37,250.32,74.6739
217.93,311.68,245.03,386.93,79.9813
217.93,311.68,279.89,290.30,65.5405
217.93,311.68,237.97,301.90,22.2940
217.93,311.68,245.66,305.62,28.3776
403.18,251.69,401.64,303.61,51.9456
403.18,251.69,396.64,314.92,63.5695
403.18,251.69,340.13,287.25,72.3914
403.18,251.69,474.48,234.16,73.4169
403.18,251.69,393.10,218.61,34.5745
403.18,251.69,410.98,181.09,71.0290
403.18,251.69,370.57,252.16,32.6171
403.18,251.69,344.18,226.78,64.0414
401.64,303.61,396.64,314.92,12.3641
401.64,303.61,340.13,287.25,63.6436
401.64,303.61,370.57,252.16,60.0986
401.64,303.61,433.44,354.61,60.1050
401.64,303.61,446.95,350.72,65.3681
234.31,381.32,261.06,389.98,28.1177
234.31,381.32,262.84,356.49,37.8172
234.31,381.32,274.25,384.49,40.0593
234.31,381.32,245.03,386.93,12.0947
234.31,381.32,237.97,301.90,79.4961
234.31,381.32,245.66,305.62,76.5442
592.71,373.10,614.20,303.65,72.7059
592.71,373.10,641.32,339.33,59.1981
592.71,373.10,592.31,376.38,3.3033
67.58,65.23,66.22,84.09,18.9143
661.15,577.97,627.13,516.33,70.4093
661.15,577.97,686.13,573.01,25.4667
661.15,577.97,637.71,576.57,23.4818
135.78,217.47,173.92,249.24,49.6412
135.78,217.47,137.73,222.25,5.1623
135.78,217.47,175.37,250.32,51.4469
261.06,389.98,325.90,366.60,68.9196
261.06,389.98,262.84,356.49,33.5409
261.06,389.98,274.25,384.49,14.2810
261.06,389.98,245.03,386.93,16.3246
560.75,55.10,540.20,35.71,28.2535
623.11,271.85,615.59,219.25,53.1286
623.11,271.85,583.74,259.47,41.2666
623.11,271.85,614.20,303.65,33.0226
623.11,271.85,641.32,339.33,69.8936
396.64,314.92,340.13,287.25,62.9175
396.64,314.92,370.57,252.16,67.9547
396.64,314.92,433.44,354.61,54.1279
396.64,314.92,392.85,390.57,75.7413
396.64,314.92,446.95,350.72,61.7511
648.04,173.64,615.59,219.25,55.9751
648.04,173.64,719.10,165.77,71.4928
648.04,173.64,667.57,170.17,19.8356
309.40,174.34,258.50,208.20,61.1266
309.40,174.34,354.28,111.63,77.1186
309.40,174.34,258.29,143.11,59.8956
309.40,174.34,344.18,226.78,62.9268
309.40,174.34,303.94,133.15,41.5531
309.40,174.34,279.46,163.29,31.9116
173.92,249.24,137.73,222.25,45.1483
173.92,249.24,175.37,250.32,1.8083
173.92,249.24,240.42,230.04,69.2118
747.67,326.69,686.79,342.31,62.8529
747.67,326.69,736.23,377.63,52.2049
747.67,326.69,742.67,275.66,51.2747
615.59,219.25,583.74,259.47,51.3043
615.59,219.25,635.26,179.92,43.9752
615.59,219.25,667.57,170.17,71.4908
439.12,53.23,479.59,43.19,41.6926
439.12,53.23,452.96,19.30,36.6430
439.12,53.23,424.09,70.77,23.0984
439.12,53.23,371.33,32.47,70.9061
340.84,64.43,354.28,111.63,49.0776
340.84,64.43,371.33,32.47,44.1713
340.84,64.43,317.00,61.93,23.9730
340.84,64.43,303.94,133.15,78.0024
159.58,30.57,213.76,52.47,58.4392
159.58,30.57,219.14,76.72,75.3553
340.13,287.25,292.16,265.22,52.7846
340.13,287.25,370.57,252.16,46.4517
340.13,287.25,279.89,290.30,60.3169
340.13,287.25,344.18,226.78,60.6055
340.13,287.25,299.00,260.66,48.9788
256.26,62.63,213.76,52.47,43.6932
256.26,62.63,216.86,90.72,48.3809
256.26,62.63,317.00,61.93,60.7442
256.26,62.63,219.14,76.72,39.6979
686.79,342.31,736.23,377.63,60.7635
686.79,342.31,641.32,339.33,45.5607
736.23,377.63,739.99,428.03,50.5442
736.23,377.63,726.29,453.74,76.7579
736.23,377.63,700.42,444.13,75.5338
736.23,377.63,724.01,430.13,53.9105
736.23,377.63,744.84,422.75,45.9345
712.30,26.29,698.93,98.48,73.4162
712.30,26.29,661.48,35.63,51.6644
712.30,26.29,710.16,21.59,5.1666
712.30,26.29,640.42,40.87,73.3404
712.30,26.29,686.21,31.98,26.7025
258.50,208.20,292.16,265.22,66.2186
258.50,208.20,258.29,143.11,65.0913
258.50,208.20,240.42,230.04,28.3541
258.50,208.20,279.46,163.29,49.5641
258.50,208.20,299.00,260.66,66.2723
95.20,431.49,82.82,438.83,14.3911
95.20,431.49,89.95,505.85,74.5423
95.20,431.49,64.06,383.26,57.4098
95.20,431.49,132.96,477.79,59.7416
95.20,431.49,105.50,440.06,13.3917
95.20,431.49,126.36,389.85,52.0111
95.20,431.49,59.10,397.33,49.7054
95.20,431.49,18.76,448.29,78.2659
738.28,534.62,686.13,573.01,64.7619
738.28,534.62,751.87,582.66,49.9252
82.82,438.83,89.95,505.85,67.3971
82.82,438.83,64.06,383.26,58.6493
82.82,438.83,132.96,477.79,63.4946
82.82,438.83,105.50,440.06,22.7078
82.82,438.83,126.36,389.85,65.5350
82.82,438.83,59.10,397.33,47.8022
82.82,438.83,18.76,448.29,64.7569
42.15,543.54,89.95,505.85,60.8634
42.15,543.54,73.40,524.77,36.4515
42.15,543.54,37.98,553.47,10.7714
42.15,543.54,106.31,520.39,68.2061
42.15,543.54,83.15,533.81,42.1321
719.10,165.77,698.93,98.48,70.2458
719.10,165.77,667.57,170.17,51.7164
719.10,165.77,669.67,138.82,56.2953
15.57,263.73,48.27,312.48,58.6999
15.57,263.73,38.57,193.35,74.0461
15.57,263.73,23.47,294.33,31.5960
15.57,263.73,52.76,210.30,65.0951
465.47,527.10,395.86,527.66,69.6084
371.85,510.52,357.94,463.87,48.6762
371.85,510.52,396.66,485.31,35.3735
371.85,510.52,334.43,448.14,72.7387
371.85,510.52,356.58,584.31,75.3579
371.85,510.52,395.86,527.66,29.5068
371.85,510.52,335.74,511.59,36.1170
371.85,510.52,335.32,510.66,36.5237
371.85,510.52,349.23,476.21,41.0925
698.93,98.48,661.48,35.63,73.1619
698.93,98.48,710.16,21.59,77.7086
698.93,98.48,667.57,170.17,78.2472
698.93,98.48,669.67,138.82,49.8377
698.93,98.48,686.21,31.98,67.7054
661.48,35.63,710.16,21.59,50.6611
661.48,35.63,640.42,40.87,21.7054
661.48,35.63,686.21,31.98,24.9920
739.99,428.03,674.67,446.34,67.8385
739.99,428.03,726.29,453.74,29.1303
739.99,428.03,700.42,444.13,42.7187
739.99,428.03,724.01,430.13,16.1150
739.99,428.03,744.84,422.75,7.1684
432.68,456.07,357.94,463.87,75.1478
432.68,456.07,396.66,485.31,46.3917
432.68,456.07,387.36,419.56,58.1916
432.68,456.07,392.85,390.57,76.6605
89.95,505.85,132.96,477.79,51.3533
89.95,505.85,105.50,440.06,67.6044
89.95,505.85,73.40,524.77,25.1323
89.95,505.85,37.98,553.47,70.4808
89.95,505.85,106.31,520.39,21.8917
89.95,505.85,83.15,533.81,28.7689
64.06,383.26,105.50,440.06,70.3033
64.06,383.26,48.27,312.48,72.5252
64.06,383.26,126.36,389.85,62.6417
64.06,383.26,59.10,397.33,14.9202
64.06,383.26,18.76,448.29,79.2507
622.33,485.50,562.57,477.60,60.2789
622.33,485.50,674.67,446.34,65.3682
622.33,485.50,627.13,516.33,31.1939
622.33,485.50,583.85,501.48,41.6662
137.73,222.25,175.37,250.32,46.9566
505.44,344.01,433.44,354.61,72.7704
505.44,344.01,446.95,350.72,58.8679
583.74,259.47,614.20,303.65,53.6613
562.57,477.60,627.13,516.33,75.2793
562.57,477.60,583.85,501.48,31.9830
132.96,477.79,105.50,440.06,46.6684
132.96,477.79,73.40,524.77,75.8523
132.96,477.79,106.31,520.39,50.2454
132.96,477.79,83.15,533.81,74.9566
292.16,265.22,370.57,252.16,79.4871
292.16,265.22,240.42,230.04,62.5762
292.16,265.22,279.89,290.30,27.9214
292.16,265.22,344.18,226.78,64.6821
292.16,265.22,237.97,301.90,65.4379
292.16,265.22,245.66,305.62,61.5981
292.16,265.22,299.00,260.66,8.2251
479.59,43.19,452.96,19.30,35.7724
479.59,43.19,424.09,70.77,61.9701
479.59,43.19,540.20,35.71,61.0701
105.50,440.06,126.36,389.85,54.3735
105.50,440.06,59.10,397.33,63.0756
325.90,366.60,262.84,356.49,63.8652
325.90,366.60,274.25,384.49,54.6597
325.90,366.60,392.85,390.57,71.1152
474.48,234.16,500.23,259.42,36.0737
282.56,462.14,357.94,463.87,75.3999
282.56,462.14,334.43,448.14,53.7315
282.56,462.14,335.74,511.59,72.6274
282.56,462.14,335.32,510.66,71.6845
282.56,462.14,265.47,505.35,46.4635
282.56,462.14,349.23,476.21,68.1395
357.94,463.87,396.66,485.31,44.2631
357.94,463.87,387.36,419.56,53.1921
357.94,463.87,334.43,448.14,28.2835
357.94,463.87,395.86,527.66,74.2124
357.94,463.87,335.74,511.59,52.6282
357.94,463.87,335.32,510.66,51.9670
357.94,463.87,349.23,476.21,15.1038
396.66,485.31,387.36,419.56,66.4029
396.66,485.31,334.43,448.14,72.4853
396.66,485.31,395.86,527.66,42.3594
396.66,485.31,335.74,511.59,66.3447
396.66,485.31,335.32,510.66,66.3712
396.66,485.31,349.23,476.21,48.2995
73.40,524.77,37.98,553.47,45.5864
73.40,524.77,106.31,520.39,33.1989
73.40,524.77,83.15,533.81,13.2862
393.10,218.61,410.98,181.09,41.5664
393.10,218.61,370.57,252.16,40.4166
393.10,218.61,344.18,226.78,49.6010
387.36,419.56,334.43,448.14,60.1535
387.36,419.56,433.44,354.61,79.6380
387.36,419.56,349.23,476.21,68.2912
387.36,419.56,392.85,390.57,29.5113
213.76,52.47,216.86,90.72,38.3702
213.76,52.47,219.14,76.72,24.8441
674.67,446.34,726.29,453.74,52.1453
674.67,446.34,700.42,444.13,25.8466
674.67,446.34,724.01,430.13,51.9371
674.67,446.34,744.84,422.75,74.0267
627.13,516.33,637.71,576.57,61.1621
627.13,516.33,583.85,501.48,45.7534
452.96,19.30,424.09,70.77,59.0127
370.57,252.16,344.18,226.78,36.6124
370.57,252.16,299.00,260.66,72.0690
334.43,448.14,335.74,511.59,63.4666
334.43,448.14,335.32,510.66,62.5275
334.43,448.14,349.23,476.21,31.7320
262.84,356.49,274.25,384.49,30.2394
262.84,356.49,245.03,386.93,35.2726
262.84,356.49,279.89,290.30,68.3421
262.84,356.49,237.97,301.90,59.9790
262.84,356.49,245.66,305.62,53.6919
48.27,312.48,23.47,294.33,30.7394
354.28,111.63,317.00,61.93,62.1307
354.28,111.63,303.94,133.15,54.7429
227.18,520.53,251.14,553.27,40.5687
227.18,520.53,217.26,550.09,31.1824
227.18,520.53,265.47,505.35,41.1874
216.86,90.72,258.29,143.11,66.7932
216.86,90.72,219.14,76.72,14.1760
37.98,553.47,106.31,520.39,75.9143
37.98,553.47,83.15,533.81,49.2581
38.57,193.35,52.76,210.30,22.1090
356.58,584.31,395.86,527.66,68.9388
356.58,584.31,335.74,511.59,75.6469
356.58,584.31,335.32,510.66,76.6593
635.26,179.92,667.57,170.17,33.7530
433.44,354.61,392.85,390.57,54.2258
433.44,354.61,446.95,350.72,14.0588
424.09,70.77,371.33,32.47,65.2064
710.16,21.59,640.42,40.87,72.3561
710.16,21.59,686.21,31.98,26.1099
395.86,527.66,335.74,511.59,62.2275
395.86,527.66,335.32,510.66,62.8812
395.86,527.66,349.23,476.21,69.4403
686.13,573.01,637.71,576.57,48.5486
686.13,573.01,751.87,582.66,66.4519
175.37,250.32,240.42,230.04,68.1329
126.36,389.85,59.10,397.33,67.6764
106.31,520.39,83.15,533.81,26.7694
274.25,384.49,245.03,386.93,29.3229
251.14,553.27,217.26,550.09,34.0303
251.14,553.27,265.47,505.35,50.0184
371.33,32.47,317.00,61.93,61.8038
258.29,143.11,303.94,133.15,46.7231
258.29,143.11,219.14,76.72,77.0664
258.29,143.11,279.46,163.29,29.2465
726.29,453.74,700.42,444.13,27.5926
726.29,453.74,724.01,430.13,23.7131
726.29,453.74,744.84,422.75,36.1157
614.20,303.65,641.32,339.33,44.8156
614.20,303.65,592.31,376.38,75.9577
317.00,61.93,303.94,133.15,72.4118
335.74,511.59,335.32,510.66,1.0232
335.74,511.59,265.47,505.35,70.5513
335.74,511.59,349.23,476.21,37.8626
700.42,444.13,724.01,430.13,27.4314
700.42,444.13,744.84,422.75,49.2935
335.32,510.66,265.47,505.35,70.0536
335.32,510.66,349.23,476.21,37.1493
240.42,230.04,279.89,290.30,72.0450
240.42,230.04,237.97,301.90,71.9091
240.42,230.04,279.46,163.29,77.3326
240.42,230.04,245.66,305.62,75.7615
240.42,230.04,299.00,260.66,66.1045
279.89,290.30,237.97,301.90,43.4955
279.89,290.30,245.66,305.62,37.5030
279.89,290.30,299.00,260.66,35.2742
217.26,550.09,265.47,505.35,65.7746
59.10,397.33,18.76,448.29,64.9890
344.18,226.78,299.00,260.66,56.4676
640.42,40.87,686.21,31.98,46.6424
641.32,339.33,592.31,376.38,61.4424
237.97,301.90,245.66,305.62,8.5353
237.97,301.90,299.00,260.66,73.6628
724.01,430.13,744.84,422.75,22.0938
667.57,170.17,669.67,138.82,31.4140
303.94,133.15,279.46,163.29,38.8235
392.85,390.57,446.95,350.72,67.1904
245.66,305.62,299.00,260.66,69.7654
